year,month,month_start,national_visitors,foreign_visitors,total_visitors
2019,1,2019-01-01,12867,70,12937
2019,2,2019-02-01,7130,63,7193
2019,3,2019-03-01,3883,47,3930
2019,4,2019-04-01,7776,39,7815
2019,5,2019-05-01,5211,41,5252
2019,6,2019-06-01,7824,86,7910
2019,7,2019-07-01,14996,159,15155
2019,8,2019-08-01,18115,74,18189
2019,9,2019-09-01,8649,71,8720
2019,10,2019-10-01,11698,50,11748
2019,11,2019-11-01,9494,41,9535
2019,12,2019-12-01,5151,62,5213
2020,1,2020-01-01,10775,54,10829
2020,2,2020-02-01,9429,52,9481
2020,3,2020-03-01,3387,24,3411
2020,4,2020-04-01,0,0,0
2020,5,2020-05-01,0,0,0
2020,6,2020-06-01,0,0,0
2020,7,2020-07-01,0,0,0
2020,8,2020-08-01,0,0,0
2020,9,2020-09-01,0,0,0
2020,10,2020-10-01,1364,7,1371
2020,11,2020-11-01,4534,7,4541
2020,12,2020-12-01,5079,8,5087
2021,1,2021-01-01,8056,13,8069
2021,2,2021-02-01,0,0,0
2021,3,2021-03-01,4903,4,4907
2021,4,2021-04-01,4215,7,4222
2021,5,2021-05-01,6740,6,6746
2021,6,2021-06-01,8404,25,8429
2021,7,2021-07-01,20393,18,20411
2021,8,2021-08-01,22994,20,23014
2021,9,2021-09-01,10953,22,10975
2021,10,2021-10-01,15668,38,15706
2021,11,2021-11-01,8563,25,8588
2021,12,2021-12-01,7510,22,7532
2022,1,2022-01-01,18389,39,18428
2022,2,2022-02-01,12450,38,12488
2022,3,2022-03-01,6379,34,6413
2022,4,2022-04-01,8532,32,8564
2022,5,2022-05-01,8770,50,8820
2022,6,2022-06-01,9245,44,9289
2022,7,2022-07-01,19559,56,19615
2022,8,2022-08-01,20298,127,20425
2022,9,2022-09-01,7933,47,7980
2022,10,2022-10-01,13813,40,13853
2022,11,2022-11-01,8998,36,9034
2022,12,2022-12-01,6970,41,7011
2023,1,2023-01-01,11120,77,11197
2023,2,2023-02-01,9053,29,9082
2023,3,2023-03-01,5580,20,5600
2023,4,2023-04-01,9283,45,9328
2023,5,2023-05-01,5518,53,5571
2023,6,2023-06-01,9701,37,9738
2023,7,2023-07-01,18992,68,19060
2023,8,2023-08-01,16035,56,16091
2023,9,2023-09-01,8983,53,9036
2023,10,2023-10-01,11613,48,11661
2023,11,2023-11-01,8794,31,8825
2023,12,2023-12-01,9594,35,9629
2024,1,2024-01-01,3348,6,3354
2024,2,2024-02-01,11064,10,11074
2024,3,2024-03-01,9133,58,9191
2024,4,2024-04-01,4924,52,4976
2024,5,2024-05-01,7098,63,7161
2024,6,2024-06-01,13074,87,13161
2024,7,2024-07-01,24217,91,24308
2024,8,2024-08-01,22287,71,22358
2024,9,2024-09-01,10653,56,10709
2024,10,2024-10-01,14428,70,14498
2024,11,2024-11-01,10961,52,11013
2024,12,2024-12-01,9183,50,9233
2025,1,2025-01-01,21998,90,22088
2025,2,2025-02-01,15237,61,15298
2025,3,2025-03-01,3191,48,3239
2025,4,2025-04-01,9623,41,9664
2025,5,2025-05-01,9671,54,9725
2025,6,2025-06-01,12218,61,12279
2025,7,2025-07-01,28277,117,28394
2025,8,2025-08-01,25386,82,25468
2025,9,2025-09-01,12378,56,12434
2025,10,2025-10-01,18584,63,18647
2025,11,2025-11-01,11364,44,11408
2025,12,2025-12-01,14519,46,14565
2026,1,2026-01-01,28357,70,28427
2026,2,2026-02-01,15966,66,16032
2026,3,2026-03-01,8657,74,8731
2026,4,2026-04-01,10936,49,10985
2026,5,2026-05-01,14711,69,14780
2026,6,2026-06-01,14291,110,14401
2026,7,2026-07-01,32179,105,32284
2026,8,2026-08-01,30099,84,30183
