Mes;Año;Tipo de Visitante;Llegadas
Diciembre;2019;Extranjero;62
Noviembre;2019;Extranjero;41
Octubre;2019;Extranjero;50
Setiembre;2019;Extranjero;71
Agosto;2019;Extranjero;74
Julio;2019;Extranjero;159
Junio;2019;Extranjero;86
Mayo;2019;Extranjero;41
Abril;2019;Extranjero;39
Marzo;2019;Extranjero;47
Febrero;2019;Extranjero;63
Enero;2019;Extranjero;70
Diciembre;2019;Nacional;5151
Noviembre;2019;Nacional;9494
Octubre;2019;Nacional;11698
Setiembre;2019;Nacional;8649
Agosto;2019;Nacional;18115
Julio;2019;Nacional;14996
Junio;2019;Nacional;7824
Mayo;2019;Nacional;5211
Abril;2019;Nacional;7776
Marzo;2019;Nacional;3883
Febrero;2019;Nacional;7130
Enero;2019;Nacional;12867
Diciembre;2020;Extranjero;8
Noviembre;2020;Extranjero;7
Octubre;2020;Extranjero;7
Setiembre;2020;Extranjero;0
Agosto;2020;Extranjero;0
Julio;2020;Extranjero;0
Junio;2020;Extranjero;0
Mayo;2020;Extranjero;0
Abril;2020;Extranjero;0
Marzo;2020;Extranjero;24
Febrero;2020;Extranjero;52
Enero;2020;Extranjero;54
Diciembre;2020;Nacional;5079
Noviembre;2020;Nacional;4534
Octubre;2020;Nacional;1364
Setiembre;2020;Nacional;0
Agosto;2020;Nacional;0
Julio;2020;Nacional;0
Junio;2020;Nacional;0
Mayo;2020;Nacional;0
Abril;2020;Nacional;0
Marzo;2020;Nacional;3387
Febrero;2020;Nacional;9429
Enero;2020;Nacional;10775
Diciembre;2021;Extranjero;22
Noviembre;2021;Extranjero;25
Octubre;2021;Extranjero;38
Setiembre;2021;Extranjero;22
Agosto;2021;Extranjero;20
Julio;2021;Extranjero;18
Junio;2021;Extranjero;25
Mayo;2021;Extranjero;6
Abril;2021;Extranjero;7
Marzo;2021;Extranjero;4
Febrero;2021;Extranjero;0
Enero;2021;Extranjero;13
Diciembre;2021;Nacional;7510
Noviembre;2021;Nacional;8563
Octubre;2021;Nacional;15668
Setiembre;2021;Nacional;10953
Agosto;2021;Nacional;22994
Julio;2021;Nacional;20393
Junio;2021;Nacional;8404
Mayo;2021;Nacional;6740
Abril;2021;Nacional;4215
Marzo;2021;Nacional;4903
Febrero;2021;Nacional;0
Enero;2021;Nacional;8056
Diciembre;2022;Extranjero;41
Noviembre;2022;Extranjero;36
Octubre;2022;Extranjero;40
Setiembre;2022;Extranjero;47
Agosto;2022;Extranjero;127
Julio;2022;Extranjero;56
Junio;2022;Extranjero;44
Mayo;2022;Extranjero;50
Abril;2022;Extranjero;32
Marzo;2022;Extranjero;34
Febrero;2022;Extranjero;38
Enero;2022;Extranjero;39
Diciembre;2022;Nacional;6970
Noviembre;2022;Nacional;8998
Octubre;2022;Nacional;13813
Setiembre;2022;Nacional;7933
Agosto;2022;Nacional;20298
Julio;2022;Nacional;19559
Junio;2022;Nacional;9245
Mayo;2022;Nacional;8770
Abril;2022;Nacional;8532
Marzo;2022;Nacional;6379
Febrero;2022;Nacional;12450
Enero;2022;Nacional;18389
Diciembre;2023;Extranjero;35
Noviembre;2023;Extranjero;31
Octubre;2023;Extranjero;48
Setiembre;2023;Extranjero;53
Agosto;2023;Extranjero;56
Julio;2023;Extranjero;68
Junio;2023;Extranjero;37
Mayo;2023;Extranjero;53
Abril;2023;Extranjero;45
Marzo;2023;Extranjero;20
Febrero;2023;Extranjero;29
Enero;2023;Extranjero;77
Diciembre;2023;Nacional;9594
Noviembre;2023;Nacional;8794
Octubre;2023;Nacional;11613
Setiembre;2023;Nacional;8983
Agosto;2023;Nacional;16035
Julio;2023;Nacional;18992
Junio;2023;Nacional;9701
Mayo;2023;Nacional;5518
Abril;2023;Nacional;9283
Marzo;2023;Nacional;5580
Febrero;2023;Nacional;9053
Enero;2023;Nacional;11120
Diciembre;2024;Extranjero;50
Noviembre;2024;Extranjero;52
Octubre;2024;Extranjero;70
Setiembre;2024;Extranjero;56
Agosto;2024;Extranjero;71
Julio;2024;Extranjero;91
Junio;2024;Extranjero;87
Mayo;2024;Extranjero;63
Abril;2024;Extranjero;52
Marzo;2024;Extranjero;58
Febrero;2024;Extranjero;10
Enero;2024;Extranjero;6
Diciembre;2024;Nacional;9183
Noviembre;2024;Nacional;10961
Octubre;2024;Nacional;14428
Setiembre;2024;Nacional;10653
Agosto;2024;Nacional;22287
Julio;2024;Nacional;24217
Junio;2024;Nacional;13074
Mayo;2024;Nacional;7098
Abril;2024;Nacional;4924
Marzo;2024;Nacional;9133
Febrero;2024;Nacional;11064
Enero;2024;Nacional;3348
Diciembre;2025;Extranjero;46
Noviembre;2025;Extranjero;44
Octubre;2025;Extranjero;63
Setiembre;2025;Extranjero;56
Agosto;2025;Extranjero;82
Julio;2025;Extranjero;117
Junio;2025;Extranjero;61
Mayo;2025;Extranjero;54
Abril;2025;Extranjero;41
Marzo;2025;Extranjero;48
Febrero;2025;Extranjero;61
Enero;2025;Extranjero;90
Diciembre;2025;Nacional;14519
Noviembre;2025;Nacional;11364
Octubre;2025;Nacional;18584
Setiembre;2025;Nacional;12378
Agosto;2025;Nacional;25386
Julio;2025;Nacional;28277
Junio;2025;Nacional;12218
Mayo;2025;Nacional;9671
Abril;2025;Nacional;9623
Marzo;2025;Nacional;3191
Febrero;2025;Nacional;15237
Enero;2025;Nacional;21998
Agosto;2026;Extranjero;84
Julio;2026;Extranjero;105
Junio;2026;Extranjero;110
Mayo;2026;Extranjero;69
Abril;2026;Extranjero;49
Marzo;2026;Extranjero;74
Febrero;2026;Extranjero;66
Enero;2026;Extranjero;70
Agosto;2026;Nacional;30099
Julio;2026;Nacional;32179
Junio;2026;Nacional;14291
Mayo;2026;Nacional;14711
Abril;2026;Nacional;10936
Marzo;2026;Nacional;8657
Febrero;2026;Nacional;15966
Enero;2026;Nacional;28357
